filename,class
1.jpg,0
2.jpg,0
3.jpg,0
4.jpg,0
5.jpg,0
6.jpg,0
7.jpg,0
8.jpg,0
9.jpg,0
10.jpg,0
11.jpg,0
12.jpg,0
13.jpg,0
14.jpg,0
15.jpg,0
16.jpg,0
17.jpg,0
18.jpg,0
19.jpg,0
20.jpg,0
21.jpg,0
22.jpg,0
23.jpg,0
24.jpg,0
25.jpg,0
26.jpg,0
27.jpg,0
28.jpg,0
29.jpg,0
30.jpg,0
31.jpg,0
32.jpg,0
33.jpg,0
34.jpg,0
35.jpg,0
36.jpg,0
37.jpg,0
38.jpg,0
39.jpg,0
40.jpg,0
41.jpg,0
42.jpg,0
43.jpg,0
44.jpg,0
45.jpg,0
46.jpg,0
47.jpg,0
48.jpg,0
49.jpg,0
50.jpg,0
51.jpg,0
52.jpg,0
53.jpg,0
54.jpg,0
55.jpg,0
56.jpg,0
57.jpg,0
58.jpg,0
59.jpg,0
60.jpg,0
61.jpg,0
62.jpg,0
63.jpg,0
64.jpg,0
65.jpg,0
66.jpg,0
67.jpg,0
68.jpg,0
69.jpg,0
70.jpg,0
71.jpg,0
72.jpg,0
73.jpg,0
74.jpg,0
75.jpg,0
76.jpg,0
77.jpg,0
78.jpg,0
79.jpg,0
80.jpg,0
81.jpg,0
82.jpg,0
83.jpg,0
84.jpg,0
85.jpg,0
86.jpg,0
87.jpg,0
88.jpg,0
89.jpg,0
90.jpg,0
91.jpg,0
92.jpg,0
93.jpg,0
94.jpg,0
95.jpg,0
96.jpg,0
97.jpg,0
98.jpg,0
99.jpg,0
100.jpg,0
101.jpg,0
102.jpg,0
103.jpg,0
104.jpg,0
105.jpg,0
106.jpg,0
107.jpg,0
108.jpg,0
109.jpg,0
110.jpg,0
111.jpg,0
112.jpg,0
113.jpg,0
114.jpg,0
115.jpg,0
116.jpg,0
117.jpg,0
118.jpg,0
119.jpg,0
120.jpg,0
121.jpg,0
122.jpg,0
123.jpg,0
124.jpg,0
125.jpg,0
126.jpg,0
127.jpg,0
128.jpg,0
129.jpg,0
130.jpg,0
131.jpg,0
132.jpg,0
133.jpg,0
134.jpg,0
135.jpg,0
136.jpg,0
137.jpg,0
138.jpg,0
139.jpg,0
140.jpg,0
141.jpg,0
142.jpg,0
143.jpg,0
144.jpg,0
145.jpg,0
146.jpg,0
147.jpg,0
148.jpg,0
149.jpg,0
150.jpg,0
151.jpg,0
152.jpg,0
153.jpg,0
154.jpg,0
155.jpg,0
156.jpg,0
157.jpg,0
158.jpg,0
159.jpg,0
160.jpg,0
161.jpg,0
162.jpg,0
163.jpg,0
164.jpg,0
165.jpg,0
166.jpg,0
167.jpg,0
168.jpg,0
169.jpg,0
170.jpg,0
171.jpg,0
172.jpg,0
173.jpg,0
174.jpg,0
175.jpg,0
176.jpg,0
177.jpg,0
178.jpg,0
179.jpg,0
180.jpg,0
181.jpg,0
182.jpg,0
183.jpg,0
184.jpg,0
185.jpg,0
186.jpg,0
187.jpg,0
188.jpg,0
189.jpg,0
190.jpg,0
191.jpg,0
192.jpg,0
193.jpg,0
194.jpg,0
195.jpg,0
196.jpg,0
197.jpg,0
198.jpg,0
199.jpg,0
200.jpg,0
201.jpg,0
202.jpg,0
203.jpg,0
204.jpg,0
205.jpg,0
206.jpg,0
207.jpg,0
208.jpg,0
209.jpg,0
210.jpg,0
211.jpg,0
212.jpg,0
213.jpg,0
214.jpg,0
215.jpg,0
216.jpg,0
217.jpg,0
218.jpg,0
219.jpg,0
220.jpg,0
221.jpg,0
222.jpg,0
223.jpg,0
224.jpg,0
225.jpg,0
226.jpg,0
227.jpg,0
228.jpg,0
229.jpg,0
230.jpg,0
231.jpg,0
232.jpg,0
233.jpg,0
234.jpg,0
235.jpg,0
236.jpg,0
237.jpg,0
238.jpg,0
239.jpg,0
240.jpg,0
241.jpg,0
242.jpg,0
243.jpg,0
244.jpg,0
245.jpg,0
246.jpg,0
247.jpg,0
248.jpg,0
249.jpg,0
250.jpg,0
251.jpg,0
252.jpg,0
253.jpg,0
254.jpg,0
255.jpg,0
256.jpg,0
257.jpg,0
258.jpg,0
259.jpg,0
260.jpg,0
261.jpg,0
262.jpg,0
263.jpg,0
264.jpg,0
265.jpg,0
266.jpg,0
267.jpg,0
268.jpg,0
269.jpg,0
270.jpg,0
271.jpg,0
272.jpg,0
273.jpg,0
274.jpg,0
275.jpg,0
276.jpg,0
277.jpg,0
278.jpg,0
279.jpg,0
280.jpg,0
281.jpg,0
282.jpg,0
283.jpg,0
284.jpg,0
285.jpg,0
286.jpg,0
287.jpg,0
288.jpg,0
289.jpg,0
290.jpg,0
291.jpg,0
292.jpg,0
293.jpg,0
294.jpg,0
295.jpg,0
296.jpg,0
297.jpg,0
298.jpg,0
299.jpg,0
300.jpg,0
401.jpg,1
402.jpg,1
403.jpg,1
404.jpg,1
405.jpg,1
406.jpg,1
407.jpg,1
408.jpg,1
409.jpg,1
410.jpg,1
411.jpg,1
412.jpg,1
413.jpg,1
414.jpg,1
415.jpg,1
416.jpg,1
417.jpg,1
418.jpg,1
419.jpg,1
420.jpg,1
421.jpg,1
422.jpg,1
423.jpg,1
424.jpg,1
425.jpg,1
426.jpg,1
427.jpg,1
428.jpg,1
429.jpg,1
430.jpg,1
431.jpg,1
432.jpg,1
433.jpg,1
434.jpg,1
435.jpg,1
436.jpg,1
437.jpg,1
438.jpg,1
439.jpg,1
440.jpg,1
441.jpg,1
442.jpg,1
443.jpg,1
444.jpg,1
445.jpg,1
446.jpg,1
447.jpg,1
448.jpg,1
449.jpg,1
450.jpg,1
451.jpg,1
452.jpg,1
453.jpg,1
454.jpg,1
455.jpg,1
456.jpg,1
457.jpg,1
458.jpg,1
459.jpg,1
460.jpg,1
461.jpg,1
462.jpg,1
463.jpg,1
464.jpg,1
465.jpg,1
466.jpg,1
467.jpg,1
468.jpg,1
469.jpg,1
470.jpg,1
471.jpg,1
472.jpg,1
473.jpg,1
474.jpg,1
475.jpg,1
476.jpg,1
477.jpg,1
478.jpg,1
479.jpg,1
480.jpg,1
481.jpg,1
482.jpg,1
483.jpg,1
484.jpg,1
485.jpg,1
486.jpg,1
487.jpg,1
488.jpg,1
489.jpg,1
490.jpg,1
491.jpg,1
492.jpg,1
493.jpg,1
494.jpg,1
495.jpg,1
496.jpg,1
497.jpg,1
498.jpg,1
499.jpg,1
500.jpg,1
501.jpg,1
502.jpg,1
503.jpg,1
504.jpg,1
505.jpg,1
506.jpg,1
507.jpg,1
508.jpg,1
509.jpg,1
510.jpg,1
511.jpg,1
512.jpg,1
513.jpg,1
514.jpg,1
515.jpg,1
516.jpg,1
517.jpg,1
518.jpg,1
519.jpg,1
520.jpg,1
521.jpg,1
522.jpg,1
523.jpg,1
524.jpg,1
525.jpg,1
526.jpg,1
527.jpg,1
528.jpg,1
529.jpg,1
530.jpg,1
531.jpg,1
532.jpg,1
533.jpg,1
534.jpg,1
535.jpg,1
536.jpg,1
537.jpg,1
538.jpg,1
539.jpg,1
540.jpg,1
541.jpg,1
542.jpg,1
543.jpg,1
544.jpg,1
545.jpg,1
546.jpg,1
547.jpg,1
548.jpg,1
549.jpg,1
550.jpg,1
551.jpg,1
552.jpg,1
553.jpg,1
554.jpg,1
555.jpg,1
556.jpg,1
557.jpg,1
558.jpg,1
559.jpg,1
560.jpg,1
561.jpg,1
562.jpg,1
563.jpg,1
564.jpg,1
565.jpg,1
566.jpg,1
567.jpg,1
568.jpg,1
569.jpg,1
570.jpg,1
571.jpg,1
572.jpg,1
573.jpg,1
574.jpg,1
575.jpg,1
576.jpg,1
577.jpg,1
578.jpg,1
579.jpg,1
580.jpg,1
581.jpg,1
582.jpg,1
583.jpg,1
584.jpg,1
585.jpg,1
586.jpg,1
587.jpg,1
588.jpg,1
589.jpg,1
590.jpg,1
591.jpg,1
592.jpg,1
593.jpg,1
594.jpg,1
595.jpg,1
596.jpg,1
597.jpg,1
598.jpg,1
599.jpg,1
600.jpg,1
601.jpg,1
602.jpg,1
603.jpg,1
604.jpg,1
605.jpg,1
606.jpg,1
607.jpg,1
608.jpg,1
609.jpg,1
610.jpg,1
611.jpg,1
612.jpg,1
613.jpg,1
614.jpg,1
615.jpg,1
616.jpg,1
617.jpg,1
618.jpg,1
619.jpg,1
620.jpg,1
621.jpg,1
622.jpg,1
623.jpg,1
624.jpg,1
625.jpg,1
626.jpg,1
627.jpg,1
628.jpg,1
629.jpg,1
630.jpg,1
631.jpg,1
632.jpg,1
633.jpg,1
634.jpg,1
635.jpg,1
636.jpg,1
637.jpg,1
638.jpg,1
639.jpg,1
640.jpg,1
641.jpg,1
642.jpg,1
643.jpg,1
644.jpg,1
645.jpg,1
646.jpg,1
647.jpg,1
648.jpg,1
649.jpg,1
650.jpg,1
651.jpg,1
652.jpg,1
653.jpg,1
654.jpg,1
655.jpg,1
656.jpg,1
657.jpg,1
658.jpg,1
659.jpg,1
660.jpg,1
661.jpg,1
662.jpg,1
663.jpg,1
664.jpg,1
665.jpg,1
666.jpg,1
667.jpg,1
668.jpg,1
669.jpg,1
670.jpg,1
671.jpg,1
672.jpg,1
673.jpg,1
674.jpg,1
675.jpg,1
676.jpg,1
677.jpg,1
678.jpg,1
679.jpg,1
680.jpg,1
681.jpg,1
682.jpg,1
683.jpg,1
684.jpg,1
685.jpg,1
686.jpg,1
687.jpg,1
688.jpg,1
689.jpg,1
690.jpg,1
691.jpg,1
692.jpg,1
693.jpg,1
694.jpg,1
695.jpg,1
696.jpg,1
697.jpg,1
698.jpg,1
699.jpg,1
700.jpg,1
801.jpg,2
802.jpg,2
803.jpg,2
804.jpg,2
805.jpg,2
806.jpg,2
807.jpg,2
808.jpg,2
809.jpg,2
810.jpg,2
811.jpg,2
812.jpg,2
813.jpg,2
814.jpg,2
815.jpg,2
816.jpg,2
817.jpg,2
818.jpg,2
819.jpg,2
820.jpg,2
821.jpg,2
822.jpg,2
823.jpg,2
824.jpg,2
825.jpg,2
826.jpg,2
827.jpg,2
828.jpg,2
829.jpg,2
830.jpg,2
831.jpg,2
832.jpg,2
833.jpg,2
834.jpg,2
835.jpg,2
836.jpg,2
837.jpg,2
838.jpg,2
839.jpg,2
840.jpg,2
841.jpg,2
842.jpg,2
843.jpg,2
844.jpg,2
845.jpg,2
846.jpg,2
847.jpg,2
848.jpg,2
849.jpg,2
850.jpg,2
851.jpg,2
852.jpg,2
853.jpg,2
854.jpg,2
855.jpg,2
856.jpg,2
857.jpg,2
858.jpg,2
859.jpg,2
860.jpg,2
861.jpg,2
862.jpg,2
863.jpg,2
864.jpg,2
865.jpg,2
866.jpg,2
867.jpg,2
868.jpg,2
869.jpg,2
870.jpg,2
871.jpg,2
872.jpg,2
873.jpg,2
874.jpg,2
875.jpg,2
876.jpg,2
877.jpg,2
878.jpg,2
879.jpg,2
880.jpg,2
881.jpg,2
882.jpg,2
883.jpg,2
884.jpg,2
885.jpg,2
886.jpg,2
887.jpg,2
888.jpg,2
889.jpg,2
890.jpg,2
891.jpg,2
892.jpg,2
893.jpg,2
894.jpg,2
895.jpg,2
896.jpg,2
897.jpg,2
898.jpg,2
899.jpg,2
900.jpg,2
901.jpg,2
902.jpg,2
903.jpg,2
904.jpg,2
905.jpg,2
906.jpg,2
907.jpg,2
908.jpg,2
909.jpg,2
910.jpg,2
911.jpg,2
912.jpg,2
913.jpg,2
914.jpg,2
915.jpg,2
916.jpg,2
917.jpg,2
918.jpg,2
919.jpg,2
920.jpg,2
921.jpg,2
922.jpg,2
923.jpg,2
924.jpg,2
925.jpg,2
926.jpg,2
927.jpg,2
928.jpg,2
929.jpg,2
930.jpg,2
931.jpg,2
932.jpg,2
933.jpg,2
934.jpg,2
935.jpg,2
936.jpg,2
937.jpg,2
938.jpg,2
939.jpg,2
940.jpg,2
941.jpg,2
942.jpg,2
943.jpg,2
944.jpg,2
945.jpg,2
946.jpg,2
947.jpg,2
948.jpg,2
949.jpg,2
950.jpg,2
951.jpg,2
952.jpg,2
953.jpg,2
954.jpg,2
955.jpg,2
956.jpg,2
957.jpg,2
958.jpg,2
959.jpg,2
960.jpg,2
961.jpg,2
962.jpg,2
963.jpg,2
964.jpg,2
965.jpg,2
966.jpg,2
967.jpg,2
968.jpg,2
969.jpg,2
970.jpg,2
971.jpg,2
972.jpg,2
973.jpg,2
974.jpg,2
975.jpg,2
976.jpg,2
977.jpg,2
978.jpg,2
979.jpg,2
980.jpg,2
981.jpg,2
982.jpg,2
983.jpg,2
984.jpg,2
985.jpg,2
986.jpg,2
987.jpg,2
988.jpg,2
989.jpg,2
990.jpg,2
991.jpg,2
992.jpg,2
993.jpg,2
994.jpg,2
995.jpg,2
996.jpg,2
997.jpg,2
998.jpg,2
999.jpg,2
1000.jpg,2
1001.jpg,2
1002.jpg,2
1003.jpg,2
1004.jpg,2
1005.jpg,2
1006.jpg,2
1007.jpg,2
1008.jpg,2
1009.jpg,2
1010.jpg,2
1011.jpg,2
1012.jpg,2
1013.jpg,2
1014.jpg,2
1015.jpg,2
1016.jpg,2
1017.jpg,2
1018.jpg,2
1019.jpg,2
1020.jpg,2
1021.jpg,2
1022.jpg,2
1023.jpg,2
1024.jpg,2
1025.jpg,2
1026.jpg,2
1027.jpg,2
1028.jpg,2
1029.jpg,2
1030.jpg,2
1031.jpg,2
1032.jpg,2
1033.jpg,2
1034.jpg,2
1035.jpg,2
1036.jpg,2
1037.jpg,2
1038.jpg,2
1039.jpg,2
1040.jpg,2
1041.jpg,2
1042.jpg,2
1043.jpg,2
1044.jpg,2
1045.jpg,2
1046.jpg,2
1047.jpg,2
1048.jpg,2
1049.jpg,2
1050.jpg,2
1051.jpg,2
1052.jpg,2
1053.jpg,2
1054.jpg,2
1055.jpg,2
1056.jpg,2
1057.jpg,2
1058.jpg,2
1059.jpg,2
1060.jpg,2
1061.jpg,2
1062.jpg,2
1063.jpg,2
1064.jpg,2
1065.jpg,2
1066.jpg,2
1067.jpg,2
1068.jpg,2
1069.jpg,2
1070.jpg,2
1071.jpg,2
1072.jpg,2
1073.jpg,2
1074.jpg,2
1075.jpg,2
1076.jpg,2
1077.jpg,2
1078.jpg,2
1079.jpg,2
1080.jpg,2
1081.jpg,2
1082.jpg,2
1083.jpg,2
1084.jpg,2
1085.jpg,2
1086.jpg,2
1087.jpg,2
1088.jpg,2
1089.jpg,2
1090.jpg,2
1091.jpg,2
1092.jpg,2
1093.jpg,2
1094.jpg,2
1095.jpg,2
1096.jpg,2
1097.jpg,2
1098.jpg,2
1099.jpg,2
1100.jpg,2
1201.jpg,3
1202.jpg,3
1203.jpg,3
1204.jpg,3
1205.jpg,3
1206.jpg,3
1207.jpg,3
1208.jpg,3
1209.jpg,3
1210.jpg,3
1211.jpg,3
1212.jpg,3
1213.jpg,3
1214.jpg,3
1215.jpg,3
1216.jpg,3
1217.jpg,3
1218.jpg,3
1219.jpg,3
1220.jpg,3
1221.jpg,3
1222.jpg,3
1223.jpg,3
1224.jpg,3
1225.jpg,3
1226.jpg,3
1227.jpg,3
1228.jpg,3
1229.jpg,3
1230.jpg,3
1231.jpg,3
1232.jpg,3
1233.jpg,3
1234.jpg,3
1235.jpg,3
1236.jpg,3
1237.jpg,3
1238.jpg,3
1239.jpg,3
1240.jpg,3
1241.jpg,3
1242.jpg,3
1243.jpg,3
1244.jpg,3
1245.jpg,3
1246.jpg,3
1247.jpg,3
1248.jpg,3
1249.jpg,3
1250.jpg,3
1251.jpg,3
1252.jpg,3
1253.jpg,3
1254.jpg,3
1255.jpg,3
1256.jpg,3
1257.jpg,3
1258.jpg,3
1259.jpg,3
1260.jpg,3
1261.jpg,3
1262.jpg,3
1263.jpg,3
1264.jpg,3
1265.jpg,3
1266.jpg,3
1267.jpg,3
1268.jpg,3
1269.jpg,3
1270.jpg,3
1271.jpg,3
1272.jpg,3
1273.jpg,3
1274.jpg,3
1275.jpg,3
1276.jpg,3
1277.jpg,3
1278.jpg,3
1279.jpg,3
1280.jpg,3
1281.jpg,3
1282.jpg,3
1283.jpg,3
1284.jpg,3
1285.jpg,3
1286.jpg,3
1287.jpg,3
1288.jpg,3
1289.jpg,3
1290.jpg,3
1291.jpg,3
1292.jpg,3
1293.jpg,3
1294.jpg,3
1295.jpg,3
1296.jpg,3
1297.jpg,3
1298.jpg,3
1299.jpg,3
1300.jpg,3
1301.jpg,3
1302.jpg,3
1303.jpg,3
1304.jpg,3
1305.jpg,3
1306.jpg,3
1307.jpg,3
1308.jpg,3
1309.jpg,3
1310.jpg,3
1311.jpg,3
1312.jpg,3
1313.jpg,3
1314.jpg,3
1315.jpg,3
1316.jpg,3
1317.jpg,3
1318.jpg,3
1319.jpg,3
1320.jpg,3
1321.jpg,3
1322.jpg,3
1323.jpg,3
1324.jpg,3
1325.jpg,3
1326.jpg,3
1327.jpg,3
1328.jpg,3
1329.jpg,3
1330.jpg,3
1331.jpg,3
1332.jpg,3
1333.jpg,3
1334.jpg,3
1335.jpg,3
1336.jpg,3
1337.jpg,3
1338.jpg,3
1339.jpg,3
1340.jpg,3
1341.jpg,3
1342.jpg,3
1343.jpg,3
1344.jpg,3
1345.jpg,3
1346.jpg,3
1347.jpg,3
1348.jpg,3
1349.jpg,3
1350.jpg,3
1351.jpg,3
1352.jpg,3
1353.jpg,3
1354.jpg,3
1355.jpg,3
1356.jpg,3
1357.jpg,3
1358.jpg,3
1359.jpg,3
1360.jpg,3
1361.jpg,3
1362.jpg,3
1363.jpg,3
1364.jpg,3
1365.jpg,3
1366.jpg,3
1367.jpg,3
1368.jpg,3
1369.jpg,3
1370.jpg,3
1371.jpg,3
1372.jpg,3
1373.jpg,3
1374.jpg,3
1375.jpg,3
1376.jpg,3
1377.jpg,3
1378.jpg,3
1379.jpg,3
1380.jpg,3
1381.jpg,3
1382.jpg,3
1383.jpg,3
1384.jpg,3
1385.jpg,3
1386.jpg,3
1387.jpg,3
1388.jpg,3
1389.jpg,3
1390.jpg,3
1391.jpg,3
1392.jpg,3
1393.jpg,3
1394.jpg,3
1395.jpg,3
1396.jpg,3
1397.jpg,3
1398.jpg,3
1399.jpg,3
1400.jpg,3
1401.jpg,3
1402.jpg,3
1403.jpg,3
1404.jpg,3
1405.jpg,3
1406.jpg,3
1407.jpg,3
1408.jpg,3
1409.jpg,3
1410.jpg,3
1411.jpg,3
1412.jpg,3
1413.jpg,3
1414.jpg,3
1415.jpg,3
1416.jpg,3
1417.jpg,3
1418.jpg,3
1419.jpg,3
1420.jpg,3
1421.jpg,3
1422.jpg,3
1423.jpg,3
1424.jpg,3
1425.jpg,3
1426.jpg,3
1427.jpg,3
1428.jpg,3
1429.jpg,3
1430.jpg,3
1431.jpg,3
1432.jpg,3
1433.jpg,3
1434.jpg,3
1435.jpg,3
1436.jpg,3
1437.jpg,3
1438.jpg,3
1439.jpg,3
1440.jpg,3
1441.jpg,3
1442.jpg,3
1443.jpg,3
1444.jpg,3
1445.jpg,3
1446.jpg,3
1447.jpg,3
1448.jpg,3
1449.jpg,3
1450.jpg,3
1451.jpg,3
1452.jpg,3
1453.jpg,3
1454.jpg,3
1455.jpg,3
1456.jpg,3
1457.jpg,3
1458.jpg,3
1459.jpg,3
1460.jpg,3
1461.jpg,3
1462.jpg,3
1463.jpg,3
1464.jpg,3
1465.jpg,3
1466.jpg,3
1467.jpg,3
1468.jpg,3
1469.jpg,3
1470.jpg,3
1471.jpg,3
1472.jpg,3
1473.jpg,3
1474.jpg,3
1475.jpg,3
1476.jpg,3
1477.jpg,3
1478.jpg,3
1479.jpg,3
1480.jpg,3
1481.jpg,3
1482.jpg,3
1483.jpg,3
1484.jpg,3
1485.jpg,3
1486.jpg,3
1487.jpg,3
1488.jpg,3
1489.jpg,3
1490.jpg,3
1491.jpg,3
1492.jpg,3
1493.jpg,3
1494.jpg,3
1495.jpg,3
1496.jpg,3
1497.jpg,3
1498.jpg,3
1499.jpg,3
1500.jpg,3
